CustomerID,Age,Recency,Frequency,Monetary,Tenure,PreferredChannel,ChannelCode,Cluster,Segment
1,56,227,21,7562,1565,Online,1,1,Frequent Buyers
2,69,15,31,5205,1209,Offline,0,0,Frequent Buyers
3,46,192,24,3078,1991,Offline,0,3,Frequent Buyers
4,32,119,20,2939,1308,Offline,0,0,Occasional Shoppers
5,60,28,37,3484,200,Offline,0,3,Frequent Buyers
6,25,202,4,785,1781,Online,1,1,At Risk
7,38,39,28,7631,199,Online,1,2,VIP High Spenders
8,56,273,44,4383,1817,Offline,0,3,Frequent Buyers
9,36,231,20,7836,901,Offline,0,0,Occasional Shoppers
10,40,86,24,7810,351,Offline,0,0,Frequent Buyers
11,28,126,49,1719,1620,Offline,0,3,Frequent Buyers
12,28,300,32,6968,485,Offline,0,3,VIP High Spenders
13,41,25,41,1531,973,Online,1,2,Frequent Buyers
14,53,145,36,9167,1656,Online,1,1,VIP High Spenders
15,57,13,34,4813,819,Online,1,2,Frequent Buyers
16,41,212,36,9657,642,Offline,0,3,VIP High Spenders
17,20,25,2,9535,1208,Offline,0,0,Occasional Shoppers
18,39,68,15,5098,918,Offline,0,0,Occasional Shoppers
19,19,67,34,262,378,Offline,0,3,Frequent Buyers
20,41,233,36,2074,1504,Online,1,1,Frequent Buyers
21,61,109,6,3391,1929,Online,1,1,Occasional Shoppers
22,47,146,39,8561,1706,Offline,0,3,VIP High Spenders
23,55,111,42,731,1226,Online,1,1,Frequent Buyers
24,19,228,12,1005,39,Online,1,2,Occasional Shoppers
25,38,111,3,2114,769,Offline,0,0,Occasional Shoppers
26,50,34,45,9933,1318,Offline,0,3,VIP High Spenders
27,29,111,18,7996,1491,Offline,0,0,Occasional Shoppers
28,39,264,40,304,1813,Offline,0,3,Frequent Buyers
29,61,236,21,681,1300,Offline,0,0,Frequent Buyers
30,42,83,15,5775,696,Offline,0,0,Occasional Shoppers
31,66,42,33,9132,575,Online,1,2,VIP High Spenders
32,44,101,35,5447,1552,Online,1,1,Frequent Buyers
33,59,6,26,2743,158,Offline,0,0,Frequent Buyers
34,45,180,8,8117,1725,Online,1,1,Occasional Shoppers
35,33,282,36,2397,630,Offline,0,3,Frequent Buyers
36,32,320,48,974,634,Offline,0,3,Frequent Buyers
37,64,226,30,5660,356,Offline,0,3,Frequent Buyers
38,68,315,23,789,1806,Offline,0,3,Frequent Buyers
39,61,229,42,4100,1888,Online,1,1,Frequent Buyers
40,69,289,44,9714,1009,Offline,0,3,VIP High Spenders
41,20,150,14,771,433,Online,1,2,Occasional Shoppers
42,54,277,14,8027,658,Offline,0,0,Occasional Shoppers
43,68,198,2,1271,1659,Offline,0,0,Occasional Shoppers
44,24,70,37,5691,1728,Offline,0,3,Frequent Buyers
45,38,112,5,9235,1664,Online,1,1,Occasional Shoppers
46,26,4,38,6442,1678,Offline,0,3,VIP High Spenders
47,56,350,45,1549,1412,Offline,0,3,Frequent Buyers
48,35,331,41,2639,1656,Offline,0,3,Frequent Buyers
49,21,318,47,4059,1911,Online,1,1,Frequent Buyers
50,42,350,14,6385,747,Online,1,2,Occasional Shoppers
51,31,95,39,5532,1070,Online,1,2,Frequent Buyers
52,67,152,25,4360,303,Offline,0,0,Frequent Buyers
53,26,311,20,2461,714,Online,1,2,Occasional Shoppers
54,43,137,2,6264,145,Offline,0,0,Occasional Shoppers
55,19,247,39,3770,890,Online,1,2,Frequent Buyers
56,37,243,6,1853,722,Online,1,2,At Risk
57,45,31,17,8200,1144,Offline,0,0,Occasional Shoppers
58,64,40,25,2038,1135,Online,1,1,Frequent Buyers
59,24,229,28,8662,353,Offline,0,3,VIP High Spenders
60,61,36,2,6076,990,Offline,0,0,Occasional Shoppers
61,25,223,35,6688,143,Online,1,2,VIP High Spenders
62,64,6,37,8716,1822,Offline,0,0,VIP High Spenders
63,52,322,5,6404,1111,Offline,0,0,At Risk
64,31,220,1,7445,183,Online,1,2,At Risk
65,34,75,40,7975,1930,Online,1,1,VIP High Spenders
66,53,4,12,9186,1457,Offline,0,0,Occasional Shoppers
67,67,335,36,6733,1681,Online,1,1,VIP High Spenders
68,57,134,45,697,1908,Offline,0,3,Frequent Buyers
69,21,118,23,3162,1319,Offline,0,3,Frequent Buyers
70,19,94,47,2436,344,Online,1,2,Frequent Buyers
71,23,62,31,9979,1768,Online,1,1,VIP High Spenders
72,59,194,11,672,1094,Online,1,1,Occasional Shoppers
73,21,335,10,7621,134,Online,1,2,Occasional Shoppers
74,46,203,3,6271,1954,Offline,0,0,At Risk
75,35,26,14,7197,1943,Offline,0,0,Occasional Shoppers
76,43,173,16,2190,1246,Online,1,1,Occasional Shoppers
77,61,300,10,6666,1454,Online,1,1,Occasional Shoppers
78,51,133,29,4724,1331,Offline,0,3,Frequent Buyers
79,27,326,10,1733,383,Offline,0,0,Occasional Shoppers
80,53,118,12,1617,1045,Offline,0,0,Occasional Shoppers
81,31,324,30,3748,1802,Offline,0,3,Frequent Buyers
82,48,275,41,1637,1990,Online,1,1,Frequent Buyers
83,65,212,1,3237,762,Offline,0,0,At Risk
84,32,225,5,7085,1633,Offline,0,0,At Risk
85,25,20,20,197,738,Online,1,2,Occasional Shoppers
86,31,113,8,3850,1309,Offline,0,0,Occasional Shoppers
87,40,140,43,8635,680,Offline,0,3,VIP High Spenders
88,57,47,12,8274,853,Online,1,2,Occasional Shoppers
89,38,1,1,8203,976,Online,1,2,Occasional Shoppers
90,33,90,20,5513,690,Online,1,2,Occasional Shoppers
91,62,142,28,4766,128,Offline,0,0,Frequent Buyers
92,35,320,43,710,617,Offline,0,3,Frequent Buyers
93,64,38,37,1827,311,Online,1,2,Frequent Buyers
94,41,293,47,1954,1936,Online,1,1,Frequent Buyers
95,43,139,37,5155,432,Offline,0,3,Frequent Buyers
96,42,356,12,2424,1162,Online,1,1,Occasional Shoppers
97,62,333,37,9469,729,Online,1,2,VIP High Spenders
98,58,259,49,9383,228,Online,1,2,VIP High Spenders
99,46,161,49,5874,1356,Offline,0,3,Frequent Buyers
100,32,178,44,6619,356,Offline,0,3,VIP High Spenders
101,62,10,28,1849,183,Offline,0,0,Frequent Buyers
102,18,261,47,881,581,Offline,0,3,Frequent Buyers
103,42,138,15,7648,1698,Offline,0,0,Occasional Shoppers
104,24,172,6,6923,434,Offline,0,0,Occasional Shoppers
105,26,13,44,2205,491,Online,1,2,Frequent Buyers
106,41,168,20,3967,161,Offline,0,0,Occasional Shoppers
107,18,130,14,7293,820,Offline,0,0,Occasional Shoppers
108,61,84,2,5076,903,Online,1,2,Occasional Shoppers
109,25,321,9,2213,113,Offline,0,0,At Risk
110,41,319,37,5979,1452,Offline,0,3,Frequent Buyers
111,28,101,20,4070,783,Online,1,2,Occasional Shoppers
112,68,329,26,9359,657,Online,1,2,VIP High Spenders
113,34,273,29,7364,1162,Online,1,1,VIP High Spenders
114,25,265,1,1677,250,Offline,0,0,At Risk
115,52,38,35,9303,1957,Online,1,1,VIP High Spenders
116,52,94,6,2374,582,Offline,0,0,Occasional Shoppers
117,50,95,37,4969,1421,Offline,0,3,Frequent Buyers
118,22,305,5,6844,1200,Offline,0,0,At Risk
119,59,69,33,2526,141,Offline,0,0,Frequent Buyers
120,56,318,49,5646,644,Online,1,2,Frequent Buyers
121,58,236,14,6952,1611,Online,1,1,Occasional Shoppers
122,45,334,12,2651,953,Offline,0,0,Occasional Shoppers
123,24,137,42,6511,1547,Online,1,1,VIP High Spenders
124,26,76,20,107,1558,Offline,0,0,Occasional Shoppers
125,25,35,24,8187,504,Offline,0,0,Frequent Buyers
126,29,1,43,2655,865,Offline,0,3,Frequent Buyers
127,51,296,34,575,1943,Online,1,1,Frequent Buyers
128,50,320,25,5516,300,Offline,0,3,Frequent Buyers
129,65,60,29,8776,450,Offline,0,0,VIP High Spenders
130,40,320,39,7339,1950,Online,1,1,VIP High Spenders
131,41,349,31,6810,736,Online,1,2,VIP High Spenders
132,54,328,47,5100,1420,Online,1,1,Frequent Buyers
133,52,267,43,4754,1333,Online,1,1,Frequent Buyers
134,61,361,23,8178,1336,Offline,0,3,Frequent Buyers
135,57,229,44,6163,69,Online,1,2,VIP High Spenders
136,39,270,38,2385,218,Offline,0,3,Frequent Buyers
137,44,316,20,5323,1217,Online,1,1,Occasional Shoppers
138,52,286,23,7071,1023,Online,1,1,Frequent Buyers
139,18,291,45,3625,1589,Online,1,1,Frequent Buyers
140,52,213,16,2922,565,Online,1,2,Occasional Shoppers
141,54,165,42,5043,1057,Online,1,1,Frequent Buyers
142,64,5,8,6630,1888,Online,1,1,Occasional Shoppers
143,31,339,21,358,319,Offline,0,3,Frequent Buyers
144,20,78,1,382,462,Online,1,2,Occasional Shoppers
145,18,62,8,1998,500,Online,1,2,Occasional Shoppers
146,22,132,29,4235,1234,Online,1,1,Frequent Buyers
147,43,89,32,6729,1301,Online,1,1,VIP High Spenders
148,31,237,38,3300,657,Offline,0,3,Frequent Buyers
149,56,42,5,5210,308,Online,1,2,Occasional Shoppers
150,44,89,47,7267,906,Online,1,2,VIP High Spenders
151,26,296,22,712,610,Online,1,2,Frequent Buyers
152,32,328,47,787,892,Online,1,1,Frequent Buyers
153,32,295,34,3790,283,Offline,0,3,Frequent Buyers
154,43,104,1,8904,210,Online,1,2,Occasional Shoppers
155,59,14,26,2407,1883,Offline,0,0,Frequent Buyers
156,30,288,43,7233,710,Online,1,2,VIP High Spenders
157,68,179,10,6609,854,Offline,0,0,Occasional Shoppers
158,49,125,30,6006,1562,Offline,0,3,VIP High Spenders
159,56,353,18,2691,1814,Online,1,1,Occasional Shoppers
160,66,23,17,7283,729,Online,1,2,Occasional Shoppers
161,69,63,26,5348,595,Offline,0,0,Frequent Buyers
162,49,143,8,8866,1379,Offline,0,0,Occasional Shoppers
163,21,153,47,5208,1410,Online,1,1,Frequent Buyers
164,47,145,40,3704,1878,Offline,0,3,Frequent Buyers
165,54,225,49,769,1703,Offline,0,3,Frequent Buyers
166,40,309,12,4464,709,Offline,0,0,Occasional Shoppers
167,56,104,27,7429,420,Online,1,2,VIP High Spenders
168,62,104,8,1383,1668,Offline,0,0,Occasional Shoppers
169,32,39,25,1023,1987,Offline,0,0,Frequent Buyers
170,60,198,46,1225,1138,Offline,0,3,Frequent Buyers
171,46,134,4,1629,1370,Online,1,1,Occasional Shoppers
172,53,67,33,9886,241,Online,1,2,VIP High Spenders
173,30,179,1,8538,1568,Offline,0,0,Occasional Shoppers
174,49,42,19,3811,413,Online,1,2,Occasional Shoppers
175,24,15,31,8104,1744,Offline,0,3,VIP High Spenders
176,68,111,16,9852,371,Online,1,2,Occasional Shoppers
177,39,157,14,6374,1868,Online,1,1,Occasional Shoppers
178,45,289,48,3964,873,Offline,0,3,Frequent Buyers
179,19,231,5,7933,1091,Online,1,1,At Risk
180,59,157,41,6888,1564,Online,1,1,VIP High Spenders
181,62,38,26,326,449,Online,1,2,Frequent Buyers
182,23,97,28,364,780,Offline,0,3,Frequent Buyers
183,45,289,2,9687,1222,Online,1,1,At Risk
184,45,254,6,745,1962,Online,1,1,At Risk
185,61,196,9,7644,1396,Offline,0,0,Occasional Shoppers
186,61,86,33,5669,1879,Online,1,1,Frequent Buyers
187,37,322,41,3090,335,Online,1,2,Frequent Buyers
188,47,10,25,2604,1595,Online,1,1,Frequent Buyers
189,28,5,48,9446,731,Online,1,2,VIP High Spenders
190,45,123,13,687,898,Online,1,1,Occasional Shoppers
191,42,330,9,9277,566,Offline,0,0,At Risk
192,56,353,13,4179,1165,Offline,0,0,Occasional Shoppers
193,50,118,31,3448,1464,Online,1,1,Frequent Buyers
194,18,294,41,6399,235,Online,1,2,VIP High Spenders
195,44,159,11,3931,1238,Online,1,1,Occasional Shoppers
196,69,303,4,9533,1435,Offline,0,0,At Risk
197,30,228,34,8481,525,Offline,0,3,VIP High Spenders
198,58,216,38,9272,1432,Online,1,1,VIP High Spenders
199,20,184,46,9990,1100,Online,1,2,VIP High Spenders
200,56,15,4,1815,1939,Offline,0,0,Occasional Shoppers
201,23,157,38,6550,1793,Online,1,1,VIP High Spenders
202,25,136,19,5533,1604,Offline,0,0,Occasional Shoppers
203,44,261,6,1198,1581,Offline,0,0,At Risk
204,26,157,34,7196,533,Online,1,2,VIP High Spenders
205,54,47,18,2426,1075,Offline,0,0,Occasional Shoppers
206,50,324,13,9187,242,Online,1,2,Occasional Shoppers
207,68,332,41,6516,339,Online,1,2,VIP High Spenders
208,59,173,23,7080,690,Online,1,2,Frequent Buyers
209,61,130,19,6863,782,Online,1,2,Occasional Shoppers
210,41,95,45,1774,301,Online,1,2,Frequent Buyers
211,32,115,11,8050,1624,Online,1,1,Occasional Shoppers
212,49,243,1,9222,1852,Offline,0,0,At Risk
213,49,292,24,9015,967,Offline,0,3,Frequent Buyers
214,41,282,7,6149,1255,Offline,0,0,At Risk
215,58,299,25,1189,61,Offline,0,3,Frequent Buyers
216,69,283,21,4678,472,Online,1,2,Frequent Buyers
217,66,69,15,9227,191,Offline,0,0,Occasional Shoppers
218,66,148,1,255,796,Offline,0,0,Occasional Shoppers
219,69,11,12,9362,283,Offline,0,0,Occasional Shoppers
220,29,254,7,2058,550,Online,1,2,At Risk
221,56,330,15,6444,1006,Offline,0,0,Occasional Shoppers
222,19,360,21,5879,1704,Online,1,1,Frequent Buyers
223,20,38,19,6244,1533,Offline,0,0,Occasional Shoppers
224,66,134,29,5163,39,Online,1,2,Frequent Buyers
225,54,200,25,3930,755,Online,1,2,Frequent Buyers
226,66,23,33,9146,534,Offline,0,0,VIP High Spenders
227,34,303,49,8931,814,Online,1,2,VIP High Spenders
228,66,346,32,9894,1889,Online,1,1,VIP High Spenders
229,19,302,49,6759,1613,Offline,0,3,VIP High Spenders
230,19,363,35,541,465,Offline,0,3,Frequent Buyers
231,45,218,44,6140,1164,Offline,0,3,VIP High Spenders
232,40,141,38,6025,182,Online,1,2,VIP High Spenders
233,54,104,26,7458,1688,Online,1,1,VIP High Spenders
234,49,210,11,4728,946,Online,1,1,Occasional Shoppers
235,50,111,35,6470,898,Offline,0,3,VIP High Spenders
236,18,104,8,9628,1155,Online,1,2,Occasional Shoppers
237,36,316,46,1048,782,Online,1,1,Frequent Buyers
238,19,171,14,8279,1886,Online,1,1,Occasional Shoppers
239,61,356,10,6215,1244,Online,1,1,Occasional Shoppers
240,43,324,2,559,1782,Online,1,1,At Risk
241,49,133,46,7668,592,Online,1,2,VIP High Spenders
242,23,293,9,4746,1857,Online,1,1,At Risk
243,49,328,3,492,1134,Offline,0,0,At Risk
244,21,127,21,1887,518,Offline,0,0,Frequent Buyers
245,28,106,26,7474,924,Offline,0,0,VIP High Spenders
246,34,92,8,1238,1141,Online,1,1,Occasional Shoppers
247,55,287,48,4841,1247,Online,1,1,Frequent Buyers
248,41,51,2,7518,133,Offline,0,0,Occasional Shoppers
249,22,29,6,6462,1836,Online,1,1,Occasional Shoppers
250,69,296,28,2554,1149,Offline,0,3,Frequent Buyers
251,51,297,29,9758,1476,Online,1,1,VIP High Spenders
252,23,214,26,3774,1944,Online,1,1,Frequent Buyers
253,39,267,25,1477,1251,Offline,0,3,Frequent Buyers
254,28,257,12,6801,1054,Offline,0,0,Occasional Shoppers
255,65,302,5,2697,1036,Offline,0,0,At Risk
256,33,101,34,241,436,Offline,0,3,Frequent Buyers
257,50,346,48,2759,1431,Offline,0,3,Frequent Buyers
258,26,110,37,4696,196,Online,1,2,Frequent Buyers
259,23,182,15,9131,538,Online,1,2,Occasional Shoppers
260,33,313,44,5761,1691,Online,1,1,Frequent Buyers
261,46,1,36,6242,342,Offline,0,3,VIP High Spenders
262,20,319,15,5726,1646,Offline,0,3,Occasional Shoppers
263,37,55,43,8887,1471,Offline,0,3,VIP High Spenders
264,53,149,48,8572,792,Offline,0,3,VIP High Spenders
265,36,309,23,523,710,Offline,0,3,Frequent Buyers
266,43,137,6,7099,506,Offline,0,0,Occasional Shoppers
267,20,202,46,4349,102,Online,1,2,Frequent Buyers
268,36,313,44,1850,1194,Online,1,1,Frequent Buyers
269,37,117,43,4857,611,Online,1,2,Frequent Buyers
270,49,154,45,2067,291,Online,1,2,Frequent Buyers
271,24,291,21,4188,1393,Online,1,1,Frequent Buyers
272,69,63,23,4278,1361,Offline,0,0,Frequent Buyers
273,58,244,43,7889,274,Offline,0,3,VIP High Spenders
274,50,25,16,3046,1568,Offline,0,0,Occasional Shoppers
275,57,90,47,9741,1390,Offline,0,3,VIP High Spenders
276,56,75,15,5494,1628,Offline,0,0,Occasional Shoppers
277,35,294,25,7980,590,Offline,0,3,Frequent Buyers
278,57,210,36,5175,1129,Online,1,1,Frequent Buyers
279,18,347,11,7330,1933,Offline,0,0,Occasional Shoppers
280,28,17,15,1631,204,Offline,0,0,Occasional Shoppers
281,45,128,4,3090,138,Offline,0,0,Occasional Shoppers
282,42,364,21,7255,212,Offline,0,3,Frequent Buyers
283,67,251,13,4593,221,Online,1,2,Occasional Shoppers
284,40,179,22,9435,94,Online,1,2,Frequent Buyers
285,48,182,19,1033,1902,Offline,0,0,Occasional Shoppers
286,47,152,34,1560,992,Online,1,1,Frequent Buyers
287,59,25,14,2823,1527,Online,1,1,Occasional Shoppers
288,52,180,4,385,1836,Offline,0,0,Occasional Shoppers
289,24,198,48,364,1153,Offline,0,3,Frequent Buyers
290,33,344,46,6916,1597,Offline,0,3,VIP High Spenders
291,43,161,27,1862,893,Offline,0,3,Frequent Buyers
292,65,177,29,140,1181,Offline,0,3,Frequent Buyers
293,69,285,47,5927,1505,Online,1,1,Frequent Buyers
294,66,63,28,8359,1967,Offline,0,0,VIP High Spenders
295,19,150,35,1087,398,Offline,0,3,Frequent Buyers
296,18,154,8,7904,880,Offline,0,0,Occasional Shoppers
297,65,156,16,7889,72,Online,1,2,Occasional Shoppers
298,29,49,42,5817,1937,Offline,0,3,Frequent Buyers
299,22,337,36,3298,1472,Offline,0,3,Frequent Buyers
300,54,84,30,5474,517,Offline,0,0,Frequent Buyers
301,49,361,18,4890,107,Online,1,2,Occasional Shoppers
302,26,177,2,7283,855,Offline,0,0,Occasional Shoppers
303,58,148,49,2624,1854,Offline,0,3,Frequent Buyers
304,52,118,13,9377,1323,Offline,0,0,Occasional Shoppers
305,36,342,4,2579,703,Online,1,1,At Risk
306,65,63,26,9985,730,Offline,0,0,VIP High Spenders
307,33,189,25,5254,788,Offline,0,3,Frequent Buyers
308,20,360,30,878,1953,Offline,0,3,Frequent Buyers
309,37,49,11,9877,757,Online,1,2,Occasional Shoppers
310,41,327,7,1592,1368,Offline,0,0,At Risk
311,50,257,31,760,954,Offline,0,3,Frequent Buyers
312,41,224,44,1448,1904,Offline,0,3,Frequent Buyers
313,69,141,10,9591,931,Online,1,2,Occasional Shoppers
314,28,215,39,7951,918,Online,1,2,VIP High Spenders
315,66,211,13,7256,1022,Offline,0,0,Occasional Shoppers
316,25,318,31,2144,1998,Online,1,1,Frequent Buyers
317,53,32,7,7468,1221,Online,1,2,Occasional Shoppers
318,55,158,49,3616,368,Online,1,2,Frequent Buyers
319,57,285,42,9350,222,Offline,0,3,VIP High Spenders
320,37,305,42,9268,1506,Offline,0,3,VIP High Spenders
321,52,286,36,4677,312,Online,1,2,Frequent Buyers
322,65,144,20,827,1389,Online,1,1,Occasional Shoppers
323,42,19,4,7568,419,Online,1,2,Occasional Shoppers
324,52,18,7,442,1029,Offline,0,0,Occasional Shoppers
325,42,257,1,1547,554,Offline,0,0,At Risk
326,46,78,44,6681,1293,Online,1,1,VIP High Spenders
327,35,175,45,6417,1885,Online,1,1,VIP High Spenders
328,63,194,42,626,1536,Online,1,1,Frequent Buyers
329,35,113,47,6848,688,Online,1,2,VIP High Spenders
330,19,114,13,505,745,Offline,0,0,Occasional Shoppers
331,52,222,22,8086,1645,Online,1,1,Frequent Buyers
332,33,166,21,9865,920,Offline,0,0,Frequent Buyers
333,58,319,22,3840,1608,Online,1,1,Frequent Buyers
334,53,132,28,1946,1511,Online,1,1,Frequent Buyers
335,50,264,9,1578,1142,Online,1,1,At Risk
336,21,55,26,871,1713,Online,1,1,Frequent Buyers
337,50,359,9,5625,1148,Online,1,1,At Risk
338,31,131,15,8870,481,Offline,0,0,Occasional Shoppers
339,38,288,10,293,457,Online,1,2,Occasional Shoppers
340,65,266,24,2107,1204,Online,1,1,Frequent Buyers
341,37,162,42,1285,1567,Online,1,1,Frequent Buyers
342,25,87,8,2494,1429,Offline,0,0,Occasional Shoppers
343,24,55,24,9402,1075,Offline,0,0,Frequent Buyers
344,20,288,16,4105,912,Offline,0,3,Occasional Shoppers
345,34,178,49,7529,342,Offline,0,3,VIP High Spenders
346,50,349,26,2361,869,Online,1,1,Frequent Buyers
347,65,8,27,3836,548,Online,1,2,Frequent Buyers
348,29,321,37,6816,1259,Online,1,1,VIP High Spenders
349,68,313,4,4975,404,Offline,0,0,At Risk
350,39,247,24,9021,480,Online,1,2,Frequent Buyers
351,39,323,19,4478,1679,Online,1,1,Occasional Shoppers
352,63,255,36,7915,1837,Offline,0,3,VIP High Spenders
353,47,328,39,3551,1044,Offline,0,3,Frequent Buyers
354,55,54,10,7716,624,Offline,0,0,Occasional Shoppers
355,55,249,25,9936,1232,Online,1,1,Frequent Buyers
356,62,239,18,2900,1263,Online,1,1,Occasional Shoppers
357,68,229,19,8433,529,Offline,0,0,Occasional Shoppers
358,25,67,36,5510,493,Online,1,2,Frequent Buyers
359,44,51,10,1555,1893,Offline,0,0,Occasional Shoppers
360,44,97,33,6992,1177,Offline,0,3,VIP High Spenders
361,51,92,5,5908,142,Online,1,2,Occasional Shoppers
362,38,264,47,6896,1065,Offline,0,3,VIP High Spenders
363,47,291,49,4896,1179,Offline,0,3,Frequent Buyers
364,50,96,35,5193,1618,Offline,0,3,Frequent Buyers
365,45,88,44,1425,360,Online,1,2,Frequent Buyers
366,64,78,34,5076,1954,Offline,0,3,Frequent Buyers
367,50,288,33,9505,1336,Offline,0,3,VIP High Spenders
368,22,120,21,1259,169,Offline,0,0,Frequent Buyers
369,65,302,17,4750,1454,Offline,0,0,Occasional Shoppers
370,36,165,22,5087,931,Offline,0,0,Frequent Buyers
371,21,182,48,4797,1150,Offline,0,3,Frequent Buyers
372,52,223,37,440,546,Offline,0,3,Frequent Buyers
373,66,311,15,3928,598,Online,1,2,Occasional Shoppers
374,34,7,35,2068,1977,Online,1,1,Frequent Buyers
375,61,330,28,803,875,Offline,0,3,Frequent Buyers
376,45,263,7,5582,1122,Online,1,1,At Risk
377,47,161,32,6476,147,Online,1,2,VIP High Spenders
378,46,151,11,1900,917,Offline,0,0,Occasional Shoppers
379,63,85,10,5563,1112,Online,1,1,Occasional Shoppers
380,23,147,9,5012,1086,Offline,0,0,Occasional Shoppers
381,52,112,14,4748,1371,Offline,0,0,Occasional Shoppers
382,58,36,13,955,79,Offline,0,0,Occasional Shoppers
383,54,285,25,2966,1933,Offline,0,3,Frequent Buyers
384,41,188,2,282,1542,Offline,0,0,Occasional Shoppers
385,46,82,35,3212,48,Online,1,2,Frequent Buyers
386,66,2,7,5770,755,Offline,0,0,Occasional Shoppers
387,63,303,21,4592,226,Online,1,2,Frequent Buyers
388,48,197,18,5923,1944,Offline,0,0,Occasional Shoppers
389,52,11,3,1617,1503,Offline,0,0,Occasional Shoppers
390,50,234,42,5102,588,Offline,0,3,Frequent Buyers
391,69,195,39,1456,1732,Online,1,1,Frequent Buyers
392,38,119,41,3729,481,Offline,0,3,Frequent Buyers
393,49,20,49,3728,318,Offline,0,3,Frequent Buyers
394,40,261,11,8310,1194,Offline,0,0,Occasional Shoppers
395,50,293,39,6232,1137,Offline,0,3,VIP High Spenders
396,20,256,24,9424,1747,Online,1,1,Frequent Buyers
397,35,222,46,6688,420,Offline,0,3,VIP High Spenders
398,42,226,19,3411,1644,Online,1,1,Occasional Shoppers
399,59,53,4,6148,244,Offline,0,0,Occasional Shoppers
400,48,355,26,6346,1579,Online,1,1,VIP High Spenders
401,20,342,38,1087,244,Online,1,2,Frequent Buyers
402,57,364,42,3421,1456,Offline,0,3,Frequent Buyers
403,63,280,32,4715,157,Offline,0,3,Frequent Buyers
404,41,81,39,8465,1875,Online,1,1,VIP High Spenders
405,67,202,45,3841,1530,Offline,0,3,Frequent Buyers
406,49,158,46,3152,789,Offline,0,3,Frequent Buyers
407,64,120,36,6674,433,Offline,0,3,VIP High Spenders
408,39,59,40,826,1082,Online,1,1,Frequent Buyers
409,40,215,37,3860,1845,Offline,0,3,Frequent Buyers
410,19,128,33,5906,367,Offline,0,3,Frequent Buyers
411,44,224,36,1975,860,Offline,0,3,Frequent Buyers
412,59,209,3,7093,743,Online,1,2,At Risk
413,19,115,9,4133,390,Offline,0,0,Occasional Shoppers
414,43,209,8,5543,598,Online,1,2,At Risk
415,34,14,33,1089,1445,Offline,0,3,Frequent Buyers
416,57,9,6,3844,247,Online,1,2,Occasional Shoppers
417,50,40,41,8711,1627,Offline,0,3,VIP High Spenders
418,26,237,39,693,1722,Offline,0,3,Frequent Buyers
419,60,281,4,1874,231,Online,1,2,At Risk
420,65,359,13,1035,46,Online,1,2,Occasional Shoppers
421,56,201,49,3908,351,Online,1,2,Frequent Buyers
422,46,246,2,431,547,Offline,0,0,At Risk
423,59,278,5,8022,1623,Offline,0,0,At Risk
424,43,235,44,2802,1378,Offline,0,3,Frequent Buyers
425,52,4,27,5989,1465,Offline,0,0,Frequent Buyers
426,67,154,32,5154,1371,Online,1,1,Frequent Buyers
427,42,29,21,3968,710,Offline,0,0,Frequent Buyers
428,41,109,8,4300,1135,Offline,0,0,Occasional Shoppers
429,30,98,38,301,1527,Offline,0,3,Frequent Buyers
430,24,215,8,2597,1521,Offline,0,0,At Risk
431,53,293,3,1942,454,Offline,0,0,At Risk
432,62,75,44,9201,1998,Offline,0,3,VIP High Spenders
433,37,326,3,4758,1784,Offline,0,0,At Risk
434,18,146,22,7644,1742,Online,1,1,Frequent Buyers
435,25,128,6,7818,1257,Offline,0,0,Occasional Shoppers
436,63,341,2,870,1636,Offline,0,0,At Risk
437,33,42,23,3255,1048,Offline,0,0,Frequent Buyers
438,31,356,44,1728,416,Offline,0,3,Frequent Buyers
439,29,41,2,486,807,Online,1,2,Occasional Shoppers
440,68,34,38,6131,127,Online,1,2,VIP High Spenders
441,40,17,17,6539,1398,Online,1,1,Occasional Shoppers
442,32,165,35,6501,1856,Online,1,1,VIP High Spenders
443,45,153,34,4108,237,Online,1,2,Frequent Buyers
444,51,76,23,2566,1567,Online,1,1,Frequent Buyers
445,19,87,30,2382,1689,Offline,0,3,Frequent Buyers
446,49,117,8,1956,1845,Online,1,1,Occasional Shoppers
447,40,362,22,8080,615,Online,1,2,Frequent Buyers
448,39,342,44,2098,195,Offline,0,3,Frequent Buyers
449,68,27,36,5576,51,Online,1,2,Frequent Buyers
450,42,313,5,9528,183,Offline,0,0,At Risk
451,39,287,13,4769,1992,Offline,0,0,Occasional Shoppers
452,39,134,29,9442,1492,Online,1,1,VIP High Spenders
453,66,219,31,4418,1348,Offline,0,3,Frequent Buyers
454,69,168,47,7164,248,Online,1,2,VIP High Spenders
455,59,98,16,7546,698,Online,1,2,Occasional Shoppers
456,23,268,42,1531,1548,Offline,0,3,Frequent Buyers
457,32,237,30,5724,259,Offline,0,3,Frequent Buyers
458,60,309,16,7561,49,Online,1,2,Occasional Shoppers
459,54,173,12,1919,582,Offline,0,0,Occasional Shoppers
460,50,190,17,1230,979,Offline,0,0,Occasional Shoppers
461,25,122,16,6663,177,Online,1,2,Occasional Shoppers
462,61,46,12,2758,1161,Online,1,1,Occasional Shoppers
463,61,64,8,3600,432,Offline,0,0,Occasional Shoppers
464,22,130,20,8666,625,Online,1,2,Occasional Shoppers
465,56,310,3,2220,1536,Online,1,1,At Risk
466,21,363,16,4120,396,Online,1,2,Occasional Shoppers
467,23,193,30,3359,1887,Online,1,1,Frequent Buyers
468,62,307,45,1923,1467,Online,1,1,Frequent Buyers
469,49,181,23,1574,1362,Online,1,1,Frequent Buyers
470,69,292,28,2342,831,Online,1,1,Frequent Buyers
471,47,282,40,3343,947,Offline,0,3,Frequent Buyers
472,64,29,5,7090,1888,Online,1,1,Occasional Shoppers
473,52,149,20,5260,1187,Offline,0,0,Occasional Shoppers
474,57,267,40,3234,1772,Offline,0,3,Frequent Buyers
475,69,296,44,2170,1336,Offline,0,3,Frequent Buyers
476,33,11,1,459,1831,Online,1,1,Occasional Shoppers
477,30,164,30,1241,102,Online,1,2,Frequent Buyers
478,67,113,21,1735,510,Offline,0,0,Frequent Buyers
479,59,187,20,4100,1405,Online,1,1,Occasional Shoppers
480,47,295,6,3461,589,Offline,0,0,At Risk
481,36,232,22,6683,1379,Online,1,1,Frequent Buyers
482,34,227,18,7935,774,Online,1,2,Occasional Shoppers
483,36,310,8,106,1496,Offline,0,0,At Risk
484,45,98,39,3367,129,Offline,0,3,Frequent Buyers
485,43,55,32,6664,1112,Offline,0,3,VIP High Spenders
486,54,111,33,9883,537,Online,1,2,VIP High Spenders
487,43,152,16,5028,287,Offline,0,0,Occasional Shoppers
488,40,246,12,2706,442,Online,1,2,Occasional Shoppers
489,26,69,38,6006,1505,Online,1,1,VIP High Spenders
490,29,312,34,3373,1118,Online,1,1,Frequent Buyers
491,18,289,14,7711,624,Offline,0,0,Occasional Shoppers
492,18,250,36,1013,1207,Offline,0,3,Frequent Buyers
493,64,36,33,2111,295,Offline,0,0,Frequent Buyers
494,51,239,23,1542,850,Online,1,1,Frequent Buyers
495,49,148,45,5646,1132,Online,1,1,Frequent Buyers
496,65,227,2,1929,1368,Offline,0,0,At Risk
497,42,244,41,8867,691,Online,1,2,VIP High Spenders
498,57,337,21,6568,976,Online,1,1,Frequent Buyers
499,62,201,2,1029,589,Offline,0,0,At Risk
500,18,154,27,3799,946,Offline,0,3,Frequent Buyers
501,33,73,9,9755,920,Offline,0,0,Occasional Shoppers
502,56,201,1,1154,1301,Online,1,1,At Risk
503,22,296,11,5844,1843,Online,1,1,Occasional Shoppers
504,39,17,3,2000,897,Online,1,2,Occasional Shoppers
505,46,129,23,9749,639,Online,1,2,Frequent Buyers
506,20,217,26,7080,443,Online,1,2,VIP High Spenders
507,29,61,4,7169,54,Offline,0,0,Occasional Shoppers
508,43,104,18,9691,313,Online,1,2,Occasional Shoppers
509,33,42,6,3515,1502,Online,1,1,Occasional Shoppers
510,68,25,35,542,910,Online,1,2,Frequent Buyers
511,54,39,22,6318,330,Offline,0,0,Frequent Buyers
512,39,291,43,4752,1121,Offline,0,3,Frequent Buyers
513,46,131,15,8039,1060,Offline,0,0,Occasional Shoppers
514,31,229,22,7933,846,Online,1,2,Frequent Buyers
515,45,108,37,9470,1190,Offline,0,3,VIP High Spenders
516,22,172,42,7697,1217,Offline,0,3,VIP High Spenders
517,64,102,12,4558,112,Offline,0,0,Occasional Shoppers
518,66,354,47,6691,1950,Online,1,1,VIP High Spenders
519,47,12,49,9549,1703,Offline,0,3,VIP High Spenders
520,63,275,42,2409,1473,Online,1,1,Frequent Buyers
521,69,101,38,6368,1126,Online,1,2,VIP High Spenders
522,22,44,18,1010,1290,Offline,0,0,Occasional Shoppers
523,29,305,45,4440,75,Online,1,2,Frequent Buyers
524,33,17,35,4109,647,Offline,0,3,Frequent Buyers
525,43,330,30,6728,957,Online,1,1,VIP High Spenders
526,43,57,24,2269,1853,Offline,0,0,Frequent Buyers
527,65,311,42,2272,291,Offline,0,3,Frequent Buyers
528,38,303,30,5768,205,Offline,0,3,Frequent Buyers
529,56,12,14,6413,1219,Online,1,2,Occasional Shoppers
530,53,318,6,8415,686,Offline,0,0,At Risk
531,50,80,3,8136,871,Online,1,2,Occasional Shoppers
532,47,216,16,6889,399,Offline,0,0,Occasional Shoppers
533,54,339,7,885,1848,Online,1,1,At Risk
534,40,264,14,6239,83,Online,1,2,Occasional Shoppers
535,27,149,9,6444,719,Offline,0,0,Occasional Shoppers
536,22,81,15,2516,1472,Offline,0,0,Occasional Shoppers
537,53,215,21,9088,1809,Offline,0,0,Frequent Buyers
538,51,198,35,4254,1560,Offline,0,3,Frequent Buyers
539,69,200,2,5719,1394,Offline,0,0,Occasional Shoppers
540,48,25,27,2036,1180,Online,1,1,Frequent Buyers
541,27,89,2,3907,1462,Offline,0,0,Occasional Shoppers
542,36,268,35,7251,1977,Offline,0,3,VIP High Spenders
543,49,143,18,9593,396,Online,1,2,Occasional Shoppers
544,18,59,14,3336,1324,Offline,0,0,Occasional Shoppers
545,22,26,20,2452,673,Offline,0,0,Occasional Shoppers
546,62,47,18,2032,1658,Online,1,1,Occasional Shoppers
547,21,288,10,8656,408,Offline,0,0,Occasional Shoppers
548,33,266,25,5016,102,Offline,0,3,Frequent Buyers
549,41,16,2,5598,1976,Offline,0,0,Occasional Shoppers
550,33,199,25,1046,1975,Online,1,1,Frequent Buyers
551,19,282,33,9669,944,Offline,0,3,VIP High Spenders
552,66,86,36,1539,1301,Online,1,1,Frequent Buyers
553,45,250,31,7830,889,Offline,0,3,VIP High Spenders
554,49,270,14,4957,1838,Online,1,1,Occasional Shoppers
555,44,335,1,440,72,Offline,0,0,At Risk
556,37,117,46,482,406,Online,1,2,Frequent Buyers
557,41,7,16,9848,1094,Online,1,2,Occasional Shoppers
558,29,137,46,8591,199,Online,1,2,VIP High Spenders
559,67,176,3,238,1999,Online,1,1,Occasional Shoppers
560,52,328,35,458,241,Online,1,2,Frequent Buyers
561,50,315,41,5031,1546,Online,1,1,Frequent Buyers
562,50,215,6,9814,1733,Offline,0,0,At Risk
563,68,82,25,3556,68,Offline,0,0,Frequent Buyers
564,60,223,13,1727,398,Online,1,2,Occasional Shoppers
565,54,103,34,9595,786,Online,1,2,VIP High Spenders
566,29,273,8,6726,180,Online,1,2,At Risk
567,20,14,21,5104,1164,Online,1,2,Frequent Buyers
568,18,159,34,9426,1533,Offline,0,3,VIP High Spenders
569,50,152,4,6752,1489,Online,1,1,Occasional Shoppers
570,57,108,25,6516,1100,Offline,0,0,Frequent Buyers
571,27,188,15,3270,1053,Offline,0,0,Occasional Shoppers
572,60,301,4,3935,1628,Online,1,1,At Risk
573,61,98,45,8117,766,Online,1,2,VIP High Spenders
574,46,131,12,2251,1419,Offline,0,0,Occasional Shoppers
575,30,293,32,9529,98,Offline,0,3,VIP High Spenders
576,29,171,32,7005,328,Online,1,2,VIP High Spenders
577,48,183,28,2934,973,Online,1,1,Frequent Buyers
578,63,364,13,9290,831,Online,1,2,Occasional Shoppers
579,19,39,31,2667,325,Offline,0,3,Frequent Buyers
580,68,15,14,1407,232,Offline,0,0,Occasional Shoppers
581,67,4,20,8948,90,Online,1,2,Occasional Shoppers
582,52,349,18,2760,975,Offline,0,0,Occasional Shoppers
583,40,210,29,3830,992,Offline,0,3,Frequent Buyers
584,34,161,6,6307,1883,Online,1,1,Occasional Shoppers
585,43,16,32,3262,1367,Online,1,1,Frequent Buyers
586,25,108,29,1240,1214,Offline,0,3,Frequent Buyers
587,46,311,43,8558,360,Offline,0,3,VIP High Spenders
588,43,227,2,1808,1581,Online,1,1,At Risk
589,27,170,23,3730,367,Online,1,2,Frequent Buyers
590,43,34,19,3311,1659,Online,1,1,Occasional Shoppers
591,51,251,31,6638,1357,Online,1,1,VIP High Spenders
592,68,247,5,9802,1556,Online,1,1,At Risk
593,58,269,19,575,1703,Offline,0,0,Occasional Shoppers
594,24,141,34,7784,1391,Offline,0,3,VIP High Spenders
595,21,274,10,9268,1603,Offline,0,0,Occasional Shoppers
596,67,96,25,1307,668,Offline,0,0,Frequent Buyers
597,62,227,2,2060,304,Online,1,2,At Risk
598,28,39,11,657,1217,Online,1,1,Occasional Shoppers
599,46,302,31,982,1496,Online,1,1,Frequent Buyers
600,53,29,15,4861,348,Offline,0,0,Occasional Shoppers
601,42,318,9,5967,618,Offline,0,0,At Risk
602,38,245,23,7063,533,Offline,0,3,Frequent Buyers
603,53,236,19,7266,1739,Online,1,1,Occasional Shoppers
604,27,185,9,8029,416,Offline,0,0,Occasional Shoppers
605,54,272,35,5447,899,Online,1,2,Frequent Buyers
606,26,236,21,7369,862,Online,1,2,Frequent Buyers
607,41,239,9,9902,1044,Online,1,2,At Risk
608,52,266,28,8225,1941,Online,1,1,VIP High Spenders
609,66,359,46,2554,632,Online,1,2,Frequent Buyers
610,52,340,7,4594,1803,Online,1,1,At Risk
611,65,65,16,2046,1829,Offline,0,0,Occasional Shoppers
612,53,177,16,2908,720,Online,1,2,Occasional Shoppers
613,35,3,33,6742,523,Online,1,2,VIP High Spenders
614,66,142,4,3925,519,Offline,0,0,Occasional Shoppers
615,56,158,4,3636,750,Online,1,2,Occasional Shoppers
616,49,324,39,6168,1126,Offline,0,3,VIP High Spenders
617,41,146,40,3902,538,Offline,0,3,Frequent Buyers
618,40,293,17,4799,419,Offline,0,0,Occasional Shoppers
619,49,153,37,2070,1672,Online,1,1,Frequent Buyers
620,54,193,39,5906,1910,Online,1,1,Frequent Buyers
621,29,73,29,6242,324,Offline,0,3,VIP High Spenders
622,66,305,36,2919,1422,Online,1,1,Frequent Buyers
623,30,344,38,9194,825,Online,1,2,VIP High Spenders
624,40,140,39,464,894,Offline,0,3,Frequent Buyers
625,42,187,37,4358,1747,Offline,0,3,Frequent Buyers
626,52,293,35,3219,578,Online,1,2,Frequent Buyers
627,58,61,7,1963,678,Offline,0,0,Occasional Shoppers
628,47,198,27,215,1903,Offline,0,3,Frequent Buyers
629,34,295,28,7184,597,Offline,0,3,VIP High Spenders
630,66,319,22,8116,1240,Online,1,1,Frequent Buyers
631,37,302,14,2484,882,Online,1,1,Occasional Shoppers
632,65,344,7,4035,799,Online,1,1,At Risk
633,42,11,37,7842,474,Offline,0,3,VIP High Spenders
634,39,62,22,5542,1623,Online,1,1,Frequent Buyers
635,30,333,5,2590,392,Offline,0,0,At Risk
636,36,226,2,7080,152,Online,1,2,At Risk
637,66,153,27,9234,1241,Online,1,1,VIP High Spenders
638,53,199,21,7761,771,Offline,0,0,Frequent Buyers
639,29,52,38,1824,709,Online,1,2,Frequent Buyers
640,58,260,15,8282,449,Offline,0,0,Occasional Shoppers
641,36,59,21,2867,1679,Online,1,1,Frequent Buyers
642,29,72,10,1237,1305,Online,1,1,Occasional Shoppers
643,26,148,23,4217,1672,Offline,0,3,Frequent Buyers
644,24,349,39,3520,1602,Offline,0,3,Frequent Buyers
645,45,63,5,5945,1388,Offline,0,0,Occasional Shoppers
646,31,310,1,4878,121,Online,1,2,At Risk
647,48,243,13,4006,1583,Online,1,1,Occasional Shoppers
648,69,330,21,3737,1919,Online,1,1,Frequent Buyers
649,36,107,26,3053,92,Offline,0,0,Frequent Buyers
650,64,226,45,6029,1715,Offline,0,3,VIP High Spenders
651,33,313,21,376,541,Offline,0,3,Frequent Buyers
652,22,218,18,2099,1192,Online,1,1,Occasional Shoppers
653,52,241,37,1327,1751,Online,1,1,Frequent Buyers
654,29,259,45,6437,1238,Offline,0,3,VIP High Spenders
655,42,262,32,3835,1258,Online,1,1,Frequent Buyers
656,69,5,36,795,801,Offline,0,0,Frequent Buyers
657,38,261,17,9601,1267,Online,1,1,Occasional Shoppers
658,53,54,35,4252,285,Online,1,2,Frequent Buyers
659,40,47,49,8001,164,Offline,0,3,VIP High Spenders
660,33,215,11,7570,1626,Online,1,1,Occasional Shoppers
661,56,177,21,7637,904,Online,1,2,Frequent Buyers
662,62,9,26,2941,851,Offline,0,0,Frequent Buyers
663,59,99,4,4308,117,Offline,0,0,Occasional Shoppers
664,56,20,34,8833,1889,Online,1,1,VIP High Spenders
665,31,241,48,1188,1017,Offline,0,3,Frequent Buyers
666,48,61,18,3463,1260,Online,1,1,Occasional Shoppers
667,22,178,40,124,1182,Offline,0,3,Frequent Buyers
668,52,338,35,9864,852,Online,1,2,VIP High Spenders
669,40,62,41,6244,1056,Online,1,2,VIP High Spenders
670,46,145,29,5768,1003,Offline,0,3,Frequent Buyers
671,60,216,29,4336,963,Online,1,1,Frequent Buyers
672,28,3,38,8168,1807,Online,1,1,VIP High Spenders
673,35,160,42,2335,150,Offline,0,3,Frequent Buyers
674,64,227,21,7395,1438,Offline,0,0,Frequent Buyers
675,29,269,42,8492,1667,Online,1,1,VIP High Spenders
676,26,120,13,8548,1091,Offline,0,0,Occasional Shoppers
677,27,89,49,3847,1394,Offline,0,3,Frequent Buyers
678,61,329,41,3275,1037,Online,1,1,Frequent Buyers
679,34,68,17,4997,954,Online,1,2,Occasional Shoppers
680,55,357,9,5137,674,Offline,0,0,At Risk
681,24,98,41,7527,743,Offline,0,3,VIP High Spenders
682,63,267,1,8705,889,Offline,0,0,At Risk
683,30,105,2,2114,50,Online,1,2,Occasional Shoppers
684,57,323,48,1481,271,Online,1,2,Frequent Buyers
685,59,123,29,1198,484,Online,1,2,Frequent Buyers
686,26,29,33,3526,992,Online,1,2,Frequent Buyers
687,67,137,10,3755,650,Online,1,2,Occasional Shoppers
688,44,195,40,8038,332,Online,1,2,VIP High Spenders
689,19,226,21,9201,1649,Online,1,1,Frequent Buyers
690,22,332,28,287,1648,Offline,0,3,Frequent Buyers
691,46,170,11,5509,832,Offline,0,0,Occasional Shoppers
692,54,9,34,2192,993,Online,1,2,Frequent Buyers
693,55,40,8,2230,98,Online,1,2,Occasional Shoppers
694,36,25,22,5342,1182,Online,1,2,Frequent Buyers
695,25,261,8,8649,225,Offline,0,0,At Risk
696,65,226,49,5747,169,Online,1,2,Frequent Buyers
697,62,124,15,5285,1497,Offline,0,0,Occasional Shoppers
698,18,38,17,5876,312,Offline,0,0,Occasional Shoppers
699,39,328,23,8013,341,Offline,0,3,Frequent Buyers
700,69,251,24,7647,775,Offline,0,0,Frequent Buyers
701,34,176,45,7923,1588,Offline,0,3,VIP High Spenders
702,24,90,19,7455,1718,Online,1,1,Occasional Shoppers
703,42,37,5,6565,306,Online,1,2,Occasional Shoppers
704,62,316,32,1597,90,Offline,0,3,Frequent Buyers
705,21,176,44,2655,1372,Online,1,1,Frequent Buyers
706,53,284,1,5509,1943,Offline,0,0,At Risk
707,23,81,23,3051,81,Offline,0,0,Frequent Buyers
708,48,114,37,1338,1909,Online,1,1,Frequent Buyers
709,36,40,8,9265,182,Online,1,2,Occasional Shoppers
710,61,301,13,4827,1802,Online,1,1,Occasional Shoppers
711,56,224,8,4065,1364,Online,1,1,At Risk
712,44,318,23,5786,1867,Online,1,1,Frequent Buyers
713,27,349,43,9342,573,Offline,0,3,VIP High Spenders
714,43,115,1,3801,596,Online,1,2,Occasional Shoppers
715,36,186,45,2880,1917,Online,1,1,Frequent Buyers
716,56,323,24,7498,1442,Online,1,1,Frequent Buyers
717,20,56,35,1688,1601,Offline,0,3,Frequent Buyers
718,62,40,24,2468,651,Online,1,2,Frequent Buyers
719,30,354,17,5889,1230,Offline,0,3,Occasional Shoppers
720,67,40,5,536,1415,Online,1,1,Occasional Shoppers
721,45,347,20,2928,343,Online,1,2,Occasional Shoppers
722,37,237,21,1656,836,Offline,0,3,Frequent Buyers
723,45,289,40,7670,877,Online,1,2,VIP High Spenders
724,25,262,31,7580,126,Online,1,2,VIP High Spenders
725,58,216,46,9596,910,Offline,0,3,VIP High Spenders
726,56,147,36,282,1266,Online,1,1,Frequent Buyers
727,18,336,11,7290,858,Offline,0,0,Occasional Shoppers
728,20,168,15,6787,166,Offline,0,0,Occasional Shoppers
729,30,92,19,5665,1059,Offline,0,0,Occasional Shoppers
730,45,353,7,7341,1040,Offline,0,0,At Risk
731,66,59,28,7751,138,Offline,0,0,VIP High Spenders
732,42,59,43,5675,576,Online,1,2,Frequent Buyers
733,50,304,5,1689,1092,Online,1,1,At Risk
734,55,169,5,9879,691,Online,1,2,Occasional Shoppers
735,23,269,30,8951,454,Offline,0,3,VIP High Spenders
736,61,363,32,259,659,Offline,0,3,Frequent Buyers
737,62,45,8,6655,290,Offline,0,0,Occasional Shoppers
738,49,345,10,9303,1479,Offline,0,0,Occasional Shoppers
739,62,181,38,8344,116,Online,1,2,VIP High Spenders
740,64,170,47,6946,494,Online,1,2,VIP High Spenders
741,38,356,32,2407,105,Offline,0,3,Frequent Buyers
742,33,191,48,1328,500,Offline,0,3,Frequent Buyers
743,38,155,28,7326,443,Online,1,2,VIP High Spenders
744,28,188,17,5690,854,Offline,0,0,Occasional Shoppers
745,54,7,31,7019,924,Offline,0,0,VIP High Spenders
746,53,133,8,5685,755,Offline,0,0,Occasional Shoppers
747,52,235,40,9327,486,Online,1,2,VIP High Spenders
748,36,45,25,6146,1338,Online,1,1,Frequent Buyers
749,37,314,9,5045,1292,Offline,0,0,At Risk
750,35,249,2,8027,1730,Online,1,1,At Risk
751,64,31,15,7116,1652,Offline,0,0,Occasional Shoppers
752,58,23,3,7858,682,Offline,0,0,Occasional Shoppers
753,66,160,49,5186,701,Online,1,2,Frequent Buyers
754,31,363,36,9556,1611,Offline,0,3,VIP High Spenders
755,32,158,4,7261,1425,Offline,0,0,Occasional Shoppers
756,48,39,14,1984,524,Online,1,2,Occasional Shoppers
757,18,82,41,1909,1677,Offline,0,3,Frequent Buyers
758,20,356,41,3267,1972,Offline,0,3,Frequent Buyers
759,33,258,25,6452,1098,Offline,0,3,Frequent Buyers
760,40,206,10,9109,1454,Online,1,1,Occasional Shoppers
761,28,77,21,6156,1300,Offline,0,0,Frequent Buyers
762,29,12,36,2537,1669,Online,1,1,Frequent Buyers
763,27,295,12,6568,626,Offline,0,0,Occasional Shoppers
764,49,224,27,9180,479,Offline,0,3,VIP High Spenders
765,33,13,40,6051,514,Offline,0,3,VIP High Spenders
766,25,46,2,5376,675,Offline,0,0,Occasional Shoppers
767,55,155,13,8959,649,Online,1,2,Occasional Shoppers
768,29,113,32,7918,1071,Online,1,2,VIP High Spenders
769,41,233,31,4828,1659,Offline,0,3,Frequent Buyers
770,45,17,16,2724,691,Offline,0,0,Occasional Shoppers
771,25,360,32,5838,787,Offline,0,3,Frequent Buyers
772,45,223,32,4332,318,Offline,0,3,Frequent Buyers
773,53,354,34,5893,1467,Offline,0,3,Frequent Buyers
774,43,188,11,4623,750,Offline,0,0,Occasional Shoppers
775,25,344,10,5671,667,Offline,0,0,Occasional Shoppers
776,67,163,15,9110,264,Offline,0,0,Occasional Shoppers
777,45,326,17,9398,445,Online,1,2,Occasional Shoppers
778,45,74,40,2324,967,Online,1,2,Frequent Buyers
779,54,233,18,8489,528,Online,1,2,Occasional Shoppers
780,58,224,9,6191,1003,Offline,0,0,At Risk
781,53,319,25,8762,663,Offline,0,3,Frequent Buyers
782,44,60,40,6461,1703,Offline,0,3,VIP High Spenders
783,34,335,14,2048,1049,Online,1,1,Occasional Shoppers
784,26,222,25,7194,144,Offline,0,3,Frequent Buyers
785,50,37,22,6418,961,Online,1,2,Frequent Buyers
786,37,278,30,3896,703,Offline,0,3,Frequent Buyers
787,30,196,20,334,1766,Online,1,1,Occasional Shoppers
788,45,352,21,9220,1287,Online,1,1,Frequent Buyers
789,65,242,44,3707,1593,Online,1,1,Frequent Buyers
790,46,324,32,8143,1064,Offline,0,3,VIP High Spenders
791,30,219,46,622,235,Online,1,2,Frequent Buyers
792,63,192,49,6004,1732,Offline,0,3,VIP High Spenders
793,52,17,21,4988,276,Offline,0,0,Frequent Buyers
794,23,12,35,9921,1612,Offline,0,3,VIP High Spenders
795,35,193,32,5932,787,Offline,0,3,Frequent Buyers
796,68,22,30,7222,1180,Offline,0,0,VIP High Spenders
797,22,120,39,5942,176,Online,1,2,Frequent Buyers
798,64,210,49,1416,147,Offline,0,3,Frequent Buyers
799,42,306,12,1224,1964,Offline,0,0,Occasional Shoppers
800,19,270,41,5721,1435,Offline,0,3,Frequent Buyers
801,27,192,47,5523,441,Offline,0,3,Frequent Buyers
802,47,175,18,2687,1717,Offline,0,0,Occasional Shoppers
803,67,285,21,9315,1637,Online,1,1,Frequent Buyers
804,62,204,13,5772,392,Online,1,2,Occasional Shoppers
805,22,164,21,1478,1562,Offline,0,3,Frequent Buyers
806,50,251,8,3474,166,Online,1,2,At Risk
807,18,227,46,1619,1228,Online,1,1,Frequent Buyers
808,35,7,40,5877,1342,Offline,0,3,Frequent Buyers
809,49,29,46,8035,987,Online,1,2,VIP High Spenders
810,64,33,7,6193,1534,Offline,0,0,Occasional Shoppers
811,66,134,23,8518,48,Online,1,2,Frequent Buyers
812,28,79,44,5455,224,Online,1,2,Frequent Buyers
813,38,58,32,5068,359,Online,1,2,Frequent Buyers
814,43,26,11,9183,1989,Offline,0,0,Occasional Shoppers
815,42,226,22,5674,204,Online,1,2,Frequent Buyers
816,39,285,22,4172,1031,Online,1,1,Frequent Buyers
817,44,4,43,2357,478,Offline,0,3,Frequent Buyers
818,66,99,25,8688,1978,Offline,0,0,Frequent Buyers
819,30,39,22,4524,975,Online,1,2,Frequent Buyers
820,50,271,28,3337,1407,Offline,0,3,Frequent Buyers
821,51,285,29,3993,1552,Online,1,1,Frequent Buyers
822,58,157,13,2105,170,Online,1,2,Occasional Shoppers
823,52,75,18,2116,787,Offline,0,0,Occasional Shoppers
824,18,288,2,9488,1950,Offline,0,0,At Risk
825,38,130,29,1872,959,Offline,0,3,Frequent Buyers
826,65,175,21,8453,122,Online,1,2,Frequent Buyers
827,23,84,15,4076,1997,Offline,0,0,Occasional Shoppers
828,45,22,27,1851,268,Online,1,2,Frequent Buyers
829,34,27,31,9067,234,Offline,0,0,VIP High Spenders
830,22,195,15,7530,589,Online,1,2,Occasional Shoppers
831,48,337,23,7270,1486,Offline,0,3,Frequent Buyers
832,22,236,24,6569,274,Online,1,2,Frequent Buyers
833,55,92,44,9231,861,Offline,0,3,VIP High Spenders
834,20,21,13,3320,1370,Online,1,1,Occasional Shoppers
835,40,303,22,639,954,Offline,0,3,Frequent Buyers
836,54,357,43,1561,324,Offline,0,3,Frequent Buyers
837,54,84,37,5284,669,Online,1,2,Frequent Buyers
838,27,262,33,8647,885,Offline,0,3,VIP High Spenders
839,27,147,3,334,1335,Online,1,1,Occasional Shoppers
840,36,257,19,1648,46,Online,1,2,Occasional Shoppers
841,34,58,23,7580,100,Offline,0,0,Frequent Buyers
842,38,15,29,4313,1322,Online,1,1,Frequent Buyers
843,31,162,30,1773,1378,Offline,0,3,Frequent Buyers
844,26,163,39,6808,1847,Offline,0,3,VIP High Spenders
845,63,320,44,8082,334,Online,1,2,VIP High Spenders
846,18,281,47,2200,1504,Offline,0,3,Frequent Buyers
847,68,280,25,3848,1060,Online,1,1,Frequent Buyers
848,62,12,37,3273,1367,Online,1,1,Frequent Buyers
849,30,274,47,1915,846,Offline,0,3,Frequent Buyers
850,21,271,8,3941,1156,Offline,0,0,At Risk
851,18,208,42,8116,850,Online,1,2,VIP High Spenders
852,66,27,16,7111,222,Online,1,2,Occasional Shoppers
853,57,72,8,4593,1806,Offline,0,0,Occasional Shoppers
854,49,60,1,774,1627,Offline,0,0,Occasional Shoppers
855,51,145,44,8188,558,Offline,0,3,VIP High Spenders
856,45,93,5,8678,200,Offline,0,0,Occasional Shoppers
857,48,309,3,2258,1590,Online,1,1,At Risk
858,25,8,1,2761,280,Offline,0,0,Occasional Shoppers
859,56,79,4,2164,1818,Online,1,1,Occasional Shoppers
860,43,27,40,3353,1440,Online,1,1,Frequent Buyers
861,51,174,35,5079,1260,Offline,0,3,Frequent Buyers
862,20,50,32,7803,570,Online,1,2,VIP High Spenders
863,67,199,42,9031,1682,Offline,0,3,VIP High Spenders
864,29,349,34,1501,445,Online,1,2,Frequent Buyers
865,18,181,43,3359,823,Offline,0,3,Frequent Buyers
866,61,24,25,4023,1433,Online,1,1,Frequent Buyers
867,22,316,10,4314,1197,Online,1,1,Occasional Shoppers
868,47,46,21,3327,54,Offline,0,0,Frequent Buyers
869,47,15,46,2845,1875,Offline,0,3,Frequent Buyers
870,34,153,39,6191,697,Online,1,2,VIP High Spenders
871,65,222,27,3966,1126,Online,1,1,Frequent Buyers
872,64,206,27,5918,661,Offline,0,0,Frequent Buyers
873,40,273,2,2322,1877,Online,1,1,At Risk
874,32,236,41,2892,1886,Offline,0,3,Frequent Buyers
875,54,340,48,9989,1146,Online,1,1,VIP High Spenders
876,38,228,13,4163,534,Offline,0,0,Occasional Shoppers
877,31,9,9,1624,1651,Online,1,1,Occasional Shoppers
878,19,166,36,8324,365,Offline,0,3,VIP High Spenders
879,28,319,22,6298,454,Offline,0,3,Frequent Buyers
880,68,214,42,4125,528,Online,1,2,Frequent Buyers
881,56,117,26,2666,1417,Offline,0,0,Frequent Buyers
882,55,344,12,2903,976,Online,1,1,Occasional Shoppers
883,51,72,17,3809,659,Offline,0,0,Occasional Shoppers
884,55,64,14,6255,1798,Offline,0,0,Occasional Shoppers
885,67,205,14,819,1252,Offline,0,0,Occasional Shoppers
886,51,209,34,6616,747,Online,1,2,VIP High Spenders
887,35,72,20,4679,1466,Offline,0,0,Occasional Shoppers
888,47,277,11,1072,368,Online,1,2,Occasional Shoppers
889,32,274,16,3818,688,Offline,0,0,Occasional Shoppers
890,44,320,31,7495,991,Online,1,1,VIP High Spenders
891,68,338,6,4502,1990,Online,1,1,At Risk
892,51,95,19,4652,458,Online,1,2,Occasional Shoppers
893,69,166,37,2307,1836,Offline,0,3,Frequent Buyers
894,55,32,4,4526,928,Online,1,2,Occasional Shoppers
895,50,11,47,7019,168,Offline,0,3,VIP High Spenders
896,41,301,4,8935,1746,Online,1,1,At Risk
897,32,217,20,8486,971,Online,1,2,Occasional Shoppers
898,47,289,10,8780,571,Online,1,2,Occasional Shoppers
899,59,102,24,2304,86,Online,1,2,Frequent Buyers
900,68,267,35,5445,1285,Offline,0,3,Frequent Buyers
901,34,214,26,3376,687,Online,1,2,Frequent Buyers
902,22,179,37,1202,464,Online,1,2,Frequent Buyers
903,46,88,38,5343,413,Offline,0,3,Frequent Buyers
904,21,41,21,6714,589,Online,1,2,Frequent Buyers
905,27,76,40,9533,223,Online,1,2,VIP High Spenders
906,34,46,39,8807,1789,Online,1,1,VIP High Spenders
907,27,160,21,5323,1701,Online,1,1,Frequent Buyers
908,34,80,10,8684,563,Offline,0,0,Occasional Shoppers
909,37,310,38,730,547,Offline,0,3,Frequent Buyers
910,41,86,46,9271,745,Online,1,2,VIP High Spenders
911,22,92,4,6783,780,Offline,0,0,Occasional Shoppers
912,51,148,45,377,214,Offline,0,3,Frequent Buyers
913,23,161,20,332,1925,Online,1,1,Occasional Shoppers
914,19,202,17,9844,321,Offline,0,0,Occasional Shoppers
915,30,242,7,5790,1388,Online,1,1,At Risk
916,60,353,4,7759,761,Offline,0,0,At Risk
917,60,2,29,125,145,Offline,0,0,Frequent Buyers
918,65,225,14,7568,854,Offline,0,0,Occasional Shoppers
919,28,289,3,6510,1102,Online,1,1,At Risk
920,68,233,24,8752,714,Offline,0,0,Frequent Buyers
921,64,77,37,3864,111,Online,1,2,Frequent Buyers
922,40,116,16,6699,863,Online,1,2,Occasional Shoppers
923,33,154,4,5202,362,Offline,0,0,Occasional Shoppers
924,48,103,24,7106,586,Online,1,2,Frequent Buyers
925,28,194,34,3583,364,Offline,0,3,Frequent Buyers
926,33,166,30,2094,561,Online,1,2,Frequent Buyers
927,25,359,18,8782,250,Online,1,2,Occasional Shoppers
928,21,90,19,1172,664,Offline,0,0,Occasional Shoppers
929,57,174,31,6807,1799,Offline,0,3,VIP High Spenders
930,21,122,19,315,1786,Offline,0,0,Occasional Shoppers
931,42,143,49,7705,352,Offline,0,3,VIP High Spenders
932,20,106,46,9884,1904,Online,1,1,VIP High Spenders
933,49,305,19,2706,32,Online,1,2,Occasional Shoppers
934,20,360,22,8450,1747,Online,1,1,Frequent Buyers
935,44,317,24,4881,235,Offline,0,3,Frequent Buyers
936,46,123,45,3413,1885,Online,1,1,Frequent Buyers
937,49,9,12,7863,69,Offline,0,0,Occasional Shoppers
938,67,262,30,6039,88,Online,1,2,VIP High Spenders
939,68,73,38,2395,980,Offline,0,3,Frequent Buyers
940,36,359,31,5785,603,Online,1,2,Frequent Buyers
941,38,223,36,1796,673,Online,1,2,Frequent Buyers
942,22,41,19,2046,1560,Offline,0,0,Occasional Shoppers
943,35,204,48,2883,1625,Online,1,1,Frequent Buyers
944,45,264,45,3744,1937,Offline,0,3,Frequent Buyers
945,59,328,36,5341,872,Online,1,1,Frequent Buyers
946,39,178,30,6520,1175,Online,1,1,VIP High Spenders
947,38,348,49,7657,1532,Offline,0,3,VIP High Spenders
948,23,318,33,2745,648,Offline,0,3,Frequent Buyers
949,18,84,18,6689,125,Online,1,2,Occasional Shoppers
950,22,318,49,6453,1912,Online,1,1,VIP High Spenders
951,58,111,28,2032,1467,Online,1,1,Frequent Buyers
952,29,251,47,1857,1288,Online,1,1,Frequent Buyers
953,43,7,11,5185,927,Online,1,2,Occasional Shoppers
954,63,84,45,5737,1115,Online,1,2,Frequent Buyers
955,51,208,33,1216,1309,Offline,0,3,Frequent Buyers
956,66,314,17,592,590,Offline,0,0,Occasional Shoppers
957,31,22,6,8911,934,Offline,0,0,Occasional Shoppers
958,43,3,4,7988,377,Online,1,2,Occasional Shoppers
959,62,127,20,6574,700,Online,1,2,Occasional Shoppers
960,44,297,48,9838,1177,Online,1,1,VIP High Spenders
961,26,188,47,5058,1535,Offline,0,3,Frequent Buyers
962,43,362,27,9897,346,Offline,0,3,VIP High Spenders
963,64,14,15,9567,1557,Online,1,1,Occasional Shoppers
964,39,12,6,2843,748,Online,1,2,Occasional Shoppers
965,64,87,47,7966,1101,Offline,0,3,VIP High Spenders
966,47,12,14,7260,1462,Offline,0,0,Occasional Shoppers
967,60,25,11,5551,1985,Offline,0,0,Occasional Shoppers
968,65,301,39,5358,1189,Online,1,1,Frequent Buyers
969,34,243,9,8648,1254,Online,1,1,At Risk
970,43,122,26,7286,279,Online,1,2,VIP High Spenders
971,53,147,16,6202,343,Offline,0,0,Occasional Shoppers
972,18,55,5,9161,1922,Offline,0,0,Occasional Shoppers
973,25,238,10,9177,1421,Online,1,1,Occasional Shoppers
974,66,356,3,9575,1482,Online,1,1,At Risk
975,52,173,13,719,1883,Offline,0,0,Occasional Shoppers
976,69,221,43,982,836,Online,1,1,Frequent Buyers
977,32,119,49,9088,1533,Offline,0,3,VIP High Spenders
978,64,309,30,3742,1367,Offline,0,3,Frequent Buyers
979,39,183,45,1396,1553,Online,1,1,Frequent Buyers
980,31,288,6,8536,1774,Offline,0,0,At Risk
981,43,307,17,2995,1408,Online,1,1,Occasional Shoppers
982,45,300,45,6693,514,Offline,0,3,VIP High Spenders
983,40,82,19,1029,1264,Offline,0,0,Occasional Shoppers
984,31,211,42,5466,1757,Online,1,1,Frequent Buyers
985,41,150,35,8811,73,Offline,0,3,VIP High Spenders
986,19,37,46,3312,1594,Online,1,1,Frequent Buyers
987,62,352,26,2509,600,Online,1,2,Frequent Buyers
988,43,312,5,8299,612,Offline,0,0,At Risk
989,31,361,29,3523,1145,Online,1,1,Frequent Buyers
990,68,59,37,7076,1318,Online,1,1,VIP High Spenders
991,24,131,20,7694,924,Online,1,2,Occasional Shoppers
992,20,202,49,5258,249,Online,1,2,Frequent Buyers
993,64,243,21,3767,1955,Online,1,1,Frequent Buyers
994,40,35,10,6073,954,Online,1,2,Occasional Shoppers
995,63,93,5,6336,1495,Offline,0,0,Occasional Shoppers
996,60,207,36,8377,430,Online,1,2,VIP High Spenders
997,64,353,6,2568,1453,Offline,0,0,At Risk
998,62,332,26,6317,756,Offline,0,3,VIP High Spenders
999,35,305,4,3719,1020,Online,1,1,At Risk
1000,55,350,39,1736,928,Offline,0,3,Frequent Buyers
